-BEGIN HEADER-,,,,,,,,,,,
,,,,,,,,,,,
Dates (month/day/year): 01/01/2021 through 03/31/2023 ,,,,,,,,,,,
Location: Latitude  -0.5134   Longitude -66.9206 ,,,,,,,,,,,
Elevation from MERRA-2: Average for 0.5 x 0.625 degree lat/lon region = 89.48 meters,,,,,,,,,,,
The value for missing source data that cannot be computed or is outside of the sources availability range: -999 ,,,,,,,,,,,
Parameter(s): ,,,,,,,,,,,
ALLSKY_SFC_SW_DWN       CERES SYN1deg All Sky Surface Shortwave Downward Irradiance (kW-hr/m^2/day) ,,,,,,,,,,,
CLRSKY_SFC_SW_DWN       CERES SYN1deg Clear Sky Surface Shortwave Downward Irradiance (kW-hr/m^2/day) ,,,,,,,,,,,
ALLSKY_KT               CERES SYN1deg All Sky Insolation Clearness Index (dimensionless) ,,,,,,,,,,,
ALLSKY_SFC_LW_DWN       CERES SYN1deg All Sky Surface Longwave Downward Irradiance (W/m^2) ,,,,,,,,,,,
ALLSKY_SFC_PAR_TOT      CERES SYN1deg All Sky Surface PAR Total (W/m^2) ,,,,,,,,,,,
CLRSKY_SFC_PAR_TOT      CERES SYN1deg Clear Sky Surface PAR Total (W/m^2) ,,,,,,,,,,,
ALLSKY_SFC_UVA          CERES SYN1deg All Sky Surface UVA Irradiance (W/m^2) ,,,,,,,,,,,
ALLSKY_SFC_UVB          CERES SYN1deg All Sky Surface UVB Irradiance (W/m^2) ,,,,,,,,,,,
ALLSKY_SFC_UV_INDEX     CERES SYN1deg All Sky Surface UV Index (dimensionless) ,,,,,,,,,,,
-END HEADER-,,,,,,,,,,,
YEAR,MO,DY,ALLSKY_SFC_SW_DWN,CLRSKY_SFC_SW_DWN,ALLSKY_KT,ALLSKY_SFC_LW_DWN,ALLSKY_SFC_PAR_TOT,CLRSKY_SFC_PAR_TOT,ALLSKY_SFC_UVA,ALLSKY_SFC_UVB,ALLSKY_SFC_UV_INDEX
2021,1,1,5.48,6.67,0.55,403.19,106.61,129.22,13.85,0.41,2.2
2021,1,2,3.47,6.73,0.35,415.65,67.09,131.23,9.53,0.3,1.59
2021,1,3,4.94,6.57,0.49,410.48,96.87,127.56,12.78,0.4,2.09
2021,1,4,2.33,6.42,0.23,409.88,45.46,123.2,6.4,0.2,1.02
2021,1,5,4.75,6.56,0.48,411.55,92.09,126.74,12.22,0.38,2
2021,1,6,4.57,6.82,0.45,411.75,89.4,132.95,12.17,0.39,2.04
2021,1,7,4.49,6.69,0.45,413.61,87.18,129.64,11.8,0.38,1.98
2021,1,8,3.6,6.73,0.36,412,70.86,130.71,9.89,0.34,1.83
2021,1,9,4.12,6.8,0.41,403.51,80.66,132.38,11.03,0.35,1.84
2021,1,10,5.72,6.6,0.57,404.08,111.26,127.52,14.2,0.45,2.35
2021,1,11,5.32,6.84,0.53,410.55,104.03,133.73,13.84,0.44,2.3
2021,1,12,5.57,6.87,0.55,411.84,109.34,134.28,14.55,0.46,2.44
2021,1,13,4.7,6.32,0.47,412.63,89.91,120.8,11.56,0.35,1.81
2021,1,14,4.36,6.83,0.43,413.66,85.13,132.93,11.86,0.38,2
2021,1,15,5.53,6.92,0.55,410.78,108.56,135.4,14.5,0.46,2.44
2021,1,16,4.89,6.97,0.48,412.87,95.64,136.33,13.1,0.41,2.18
2021,1,17,4.86,7,0.48,410.59,95.65,137.02,13.02,0.42,2.23
2021,1,18,6.53,7.02,0.65,408.02,128.23,137.3,16.59,0.52,2.76
2021,1,19,5.03,6.8,0.5,409.36,97.89,132.39,13.24,0.42,2.2
2021,1,20,4.16,6.61,0.41,414.05,81.56,127.58,11.01,0.37,1.9
2021,1,21,4.09,6.85,0.41,415.98,80.48,133.66,11.23,0.38,1.95
2021,1,22,4.81,6.85,0.48,416.62,94.13,133.36,12.68,0.41,2.16
2021,1,23,3.02,6.73,0.3,417.36,59.55,130.52,8.25,0.26,1.33
2021,1,24,3.83,6.95,0.38,412.58,75.22,135.55,10.3,0.33,1.69
2021,1,25,4.51,7.04,0.45,415.98,88.71,138.09,12.34,0.4,2.09
2021,1,26,5.04,6.56,0.49,412.75,98.48,127.04,12.84,0.41,2.13
2021,1,27,5,6.72,0.49,411.48,97.57,130.43,12.84,0.41,2.19
2021,1,28,4,6.87,0.39,420.78,77.79,133.98,10.96,0.37,1.95
2021,1,29,6.12,6.68,0.59,405.83,118.6,129.01,15.04,0.5,2.68
2021,1,30,5.32,6.87,0.52,416.51,103.66,133.62,13.72,0.46,2.47
2021,1,31,4.83,6.85,0.47,417.73,94.92,133.6,12.67,0.44,2.37
2021,2,1,2.81,6.83,0.27,422.42,56.33,132.57,8.04,0.28,1.49
2021,2,2,5.08,6.92,0.49,415.3,100.33,135.23,13.45,0.47,2.48
2021,2,3,4.84,6.91,0.47,419.35,95.64,135.33,12.96,0.46,2.47
2021,2,4,5.7,7.04,0.55,408.46,111.48,137.04,14.64,0.5,2.71
2021,2,5,1.42,6.89,0.14,413.93,29.33,134.29,4.31,0.16,0.81
2021,2,6,5.18,6.75,0.5,407.5,101.42,130.58,13.33,0.46,2.45
2021,2,7,4.58,6.52,0.45,412.27,89.48,125.37,11.58,0.39,2.11
2021,2,8,5.01,6.83,0.48,416.23,98.42,133.05,13.09,0.45,2.42
2021,2,9,2.05,6.87,0.2,412.91,41.92,133.45,6.02,0.2,1.09
2021,2,10,6.23,7,0.6,409.93,122.74,136.88,16.01,0.54,2.96
2021,2,11,5.98,7.14,0.58,412.77,117.48,140.06,15.48,0.52,2.81
2021,2,12,6.45,6.9,0.62,404.32,125.94,133.98,16.03,0.53,2.95
2021,2,13,5.54,6.97,0.53,410.79,108.45,136.11,14.3,0.49,2.63
2021,2,14,3.16,7.01,0.3,413.49,63.36,136.8,9.12,0.32,1.7
2021,2,15,4.59,6.81,0.44,409.91,89.23,131.31,11.95,0.41,2.16
2021,2,16,6,7.1,0.58,407.4,117.59,138.19,15.51,0.53,2.88
2021,2,17,5.98,7.21,0.57,414.29,118.07,140.72,15.69,0.54,2.96
2021,2,18,6.1,7.25,0.59,407.74,120.58,141.87,16.05,0.55,2.95
2021,2,19,5.94,7.29,0.57,411.97,117.73,142.67,15.71,0.55,3.05
2021,2,20,2.6,7.33,0.25,412.77,52.3,143.37,7.82,0.29,1.53
2021,2,21,4.38,6.92,0.41,419.69,86.07,133.7,11.53,0.41,2.19
2021,2,22,5.72,6.98,0.55,414.48,112.32,135.56,14.77,0.52,2.87
2021,2,23,5.01,6.91,0.48,420.96,99.63,134.7,13.27,0.48,2.6
2021,2,24,4.83,7.12,0.46,416.1,95.24,139.37,13.05,0.46,2.45
2021,2,25,5.35,7.15,0.51,418.46,106.6,140.59,14.43,0.52,2.8
2021,2,26,3.18,7.03,0.3,419.32,64.29,137.11,9.05,0.34,1.81
2021,2,27,3.42,7.21,0.33,418.27,69.05,141.32,10.03,0.37,1.96
2021,2,28,4.81,6.88,0.46,418.4,94.46,133.05,12.68,0.45,2.39
2021,3,1,1.94,6.98,0.19,410.96,40.19,135.48,5.88,0.2,1.06
2021,3,2,4.47,6.8,0.42,415.67,87.83,130.56,11.77,0.41,2.17
2021,3,3,4.51,6.9,0.43,413.53,89.62,133.23,12.04,0.44,2.36
2021,3,4,3.58,6.74,0.34,416.96,71.7,129.84,9.64,0.34,1.81
2021,3,5,3.51,6.9,0.34,412.05,69.84,133.28,9.54,0.34,1.79
2021,3,6,5.73,7.1,0.55,409.16,113.67,138.86,15.05,0.51,2.77
2021,3,7,4.95,7.05,0.47,411.54,98,137.44,13.11,0.44,2.34
2021,3,8,4.98,6.94,0.48,412.2,98.3,134.91,13.04,0.41,2.18
2021,3,9,2.8,6.51,0.27,417.73,55.74,124.64,7.29,0.25,1.3
2021,3,10,3.75,7.12,0.36,408.43,75.16,138.89,10.44,0.34,1.77
2021,3,11,4.45,6.92,0.42,411.53,88.5,134.29,11.91,0.38,2.01
2021,3,12,3.86,6.83,0.37,409.48,76.95,131.88,10.41,0.34,1.79
2021,3,13,4.59,6.72,0.44,404.41,89.63,129.31,11.65,0.35,1.83
2021,3,14,6.05,7.03,0.58,403.9,119.68,136.57,15.67,0.5,2.67
2021,3,15,4.12,6.97,0.39,408.96,81.91,134.88,11.24,0.37,1.91
2021,3,16,4.51,6.92,0.43,406.47,88.57,133.95,11.72,0.38,1.93
2021,3,17,1.81,7.13,0.17,413.32,37.79,139.01,5.56,0.18,0.97
2021,3,18,4.9,6.64,0.47,410.33,95.96,127.19,12.36,0.39,2.05
2021,3,19,5.54,7.11,0.53,407.94,109.09,137.89,14.62,0.46,2.44
2021,3,20,2.62,7,0.25,409.47,53.32,135.64,7.52,0.24,1.25
2021,3,21,5.07,6.84,0.48,404.37,98.88,132.02,12.88,0.4,2.05
2021,3,22,4.23,6.67,0.41,410.49,83.53,127.8,10.87,0.34,1.77
2021,3,23,2.36,6.63,0.23,408.85,47.4,126.77,6.6,0.2,1.06
2021,3,24,5.82,7.02,0.55,405.15,115.09,136.53,15.16,0.47,2.43
2021,3,25,5.1,7.21,0.49,412.28,101.41,141.73,13.94,0.45,2.39
2021,3,26,2.92,7.17,0.28,412.67,58.92,140.48,8.44,0.27,1.36
2021,3,27,5.25,7.13,0.5,415.12,104.02,139.82,14.19,0.46,2.41
2021,3,28,5.02,6.86,0.48,409.48,99.39,133.37,13.29,0.43,2.28
2021,3,29,4.4,6.97,0.42,415.24,87.02,135.63,11.98,0.41,2.11
2021,3,30,3.66,7.05,0.35,413.48,73.12,137.67,10.33,0.34,1.8
2021,3,31,5.49,6.75,0.53,411.65,108.04,130.46,14.02,0.45,2.36
2021,4,1,4.36,7.05,0.42,415.65,87.34,137.83,12.2,0.41,2.12
2021,4,2,4.73,7.06,0.46,415.14,93.31,137.84,12.88,0.43,2.25
2021,4,3,3.74,6.9,0.36,418.91,74.03,133.96,10.33,0.34,1.77
2021,4,4,2.52,7,0.24,416.1,51.06,136.78,7.37,0.25,1.3
2021,4,5,3.45,6.94,0.34,407.69,68.53,135.31,9.58,0.3,1.57
2021,4,6,3.22,6.32,0.31,412.48,63.08,119.47,8.2,0.26,1.34
2021,4,7,5.98,6.87,0.58,406.62,117.11,133.23,15.11,0.47,2.47
2021,4,8,5.18,6.8,0.51,408.23,101.38,131.85,13.48,0.43,2.25
2021,4,9,5.73,6.79,0.56,406.13,111.59,130.94,14.54,0.46,2.45
2021,4,10,5.11,6.82,0.5,410,100.29,131.89,13.32,0.41,2.16
2021,4,11,4.31,6.84,0.42,408.05,84.47,132.67,11.46,0.37,1.91
2021,4,12,5.61,6.81,0.55,406.39,109.89,132.12,14.44,0.45,2.37
2021,4,13,3.49,6.89,0.34,409.24,69.27,134.12,9.6,0.3,1.52
2021,4,14,2.35,6.84,0.23,409.11,47.4,133.28,6.87,0.22,1.12
2021,4,15,6.39,6.91,0.63,401.73,126.14,135.01,16.34,0.5,2.66
2021,4,16,2.28,6.74,0.23,410.59,45.88,131.16,6.52,0.2,1.05
2021,4,17,5.94,6.8,0.59,408.98,117.45,132.84,15.36,0.48,2.55
2021,4,18,4.34,6.8,0.43,415.17,86.03,132.89,11.86,0.38,1.99
2021,4,19,5.27,6.67,0.52,409.3,103.25,129.63,13.6,0.42,2.19
2021,4,20,2.93,6.4,0.29,412.86,57.66,122.98,7.85,0.25,1.27
2021,4,21,3.89,6.5,0.39,420.79,76.87,125.82,10.4,0.34,1.8
2021,4,22,3.08,6.63,0.3,420.12,61.05,128.8,8.63,0.29,1.5
2021,4,23,4.26,6.53,0.42,415.89,84.45,126.88,11.39,0.37,1.9
2021,4,24,5.63,6.8,0.56,409.48,111.21,133.11,14.7,0.46,2.43
2021,4,25,4.67,6.79,0.47,406.79,91.05,132.84,12.51,0.39,2.01
2021,4,26,5.09,6.7,0.52,409.47,100.42,131.02,13.56,0.43,2.27
2021,4,27,3.97,6.55,0.4,408.05,77.77,126.85,10.53,0.33,1.66
2021,4,28,2.1,6.44,0.21,412.57,42.18,124.2,5.9,0.17,0.88
2021,4,29,4.31,5.97,0.44,409.02,82.75,112.96,10.61,0.31,1.62
2021,4,30,3.62,6.46,0.37,411.46,70.65,124.73,9.86,0.31,1.61
2021,5,1,4.96,6.62,0.51,411.14,96.16,128.04,12.82,0.39,2.01
2021,5,2,1.81,6.06,0.19,413.05,35.8,114.7,4.85,0.14,0.73
2021,5,3,4.79,6.09,0.49,402.5,92.45,115.77,11.91,0.35,1.8
2021,5,4,5.05,6.47,0.52,408.44,98.38,124.66,12.89,0.39,2.01
2021,5,5,4.99,6.54,0.51,411.23,98,126.87,13.12,0.41,2.12
2021,5,6,4.37,6.63,0.45,407.8,84.2,128.73,11.51,0.38,1.93
2021,5,7,5.15,6.5,0.53,406.9,100.91,125.79,13.33,0.41,2.1
2021,5,8,5.15,6.67,0.53,407.95,100.98,130.2,13.55,0.42,2.2
2021,5,9,2.96,6.55,0.3,418.52,58.32,127.59,8.45,0.27,1.39
2021,5,10,4.54,6.3,0.47,413.39,88.72,122.24,11.68,0.35,1.83
2021,5,11,3.87,6.56,0.4,410.95,76.2,128.49,10.59,0.34,1.7
2021,5,12,4.73,6.12,0.49,413.42,92.25,118.2,12.09,0.38,1.96
2021,5,13,4.91,6.24,0.51,412.66,95.46,120.6,12.42,0.38,1.95
2021,5,14,4.57,6.32,0.48,413.85,89.52,122.85,12.05,0.37,1.91
2021,5,15,3.44,6.4,0.36,417.45,66.77,124.95,9.44,0.29,1.49
2021,5,16,4.05,6.4,0.42,414.57,79.8,124.94,10.97,0.34,1.78
2021,5,17,4.75,6.43,0.5,402.93,92.32,124.54,12.37,0.39,2.02
2021,5,18,3.99,6.47,0.42,408.23,78.12,125.91,10.73,0.32,1.66
2021,5,19,5.01,6.3,0.53,408.77,98.79,123.29,13.05,0.38,1.96
2021,5,20,4.88,6.41,0.52,410.01,96.14,125.86,12.93,0.38,2
2021,5,21,4.58,6.43,0.48,412.75,89.91,126.6,12.16,0.36,1.84
2021,5,22,3.26,6.46,0.34,415.99,63.3,127.38,8.96,0.27,1.41
2021,5,23,5.63,6.48,0.59,410.21,110.72,127.41,14.57,0.43,2.24
2021,5,24,4.61,6.44,0.49,411.2,88.18,125.55,12.06,0.37,1.87
2021,5,25,3.26,6.53,0.34,415.49,63.75,128.43,9.31,0.29,1.49
2021,5,26,3.1,6.41,0.33,419.02,60.16,125.05,8.62,0.27,1.37
2021,5,27,4.76,6.42,0.51,415.98,92.88,125.57,12.46,0.38,1.93
2021,5,28,4.86,6.37,0.52,410.62,93.95,124.44,12.61,0.38,1.9
2021,5,29,5.52,6.35,0.59,410.25,108.8,124.92,14.25,0.42,2.21
2021,5,30,5.02,6.17,0.54,412.73,98.13,120.13,12.87,0.38,1.92
2021,5,31,4.99,6.31,0.53,409.52,97.59,122.91,12.95,0.39,2.04
2021,6,1,3.64,6.19,0.39,416.99,70.54,119.23,9.52,0.28,1.43
2021,6,2,4.48,6.26,0.48,412.36,87.42,121.23,11.79,0.37,1.91
2021,6,3,4.5,6.2,0.48,415.08,88.21,120.8,11.82,0.37,1.94
2021,6,4,5.41,6.3,0.59,405.99,106.03,123,13.91,0.42,2.19
2021,6,5,3.35,6.36,0.36,412.51,65.38,123.8,9.2,0.28,1.44
2021,6,6,4.62,6.33,0.5,413.5,90.13,123.8,12.21,0.37,1.91
2021,6,7,2.88,6.22,0.31,414.5,55.98,120.26,7.84,0.26,1.3
2021,6,8,4.96,6.21,0.54,406.97,95.79,120.09,12.61,0.37,1.86
2021,6,9,3.58,6.01,0.39,413.71,69.35,115.48,9.38,0.28,1.45
2021,6,10,4.6,6.01,0.5,408.7,89.28,116.26,11.72,0.34,1.7
2021,6,11,4.51,6.12,0.49,411.38,88.34,119.3,11.84,0.35,1.84
2021,6,12,4.86,6.35,0.53,408.23,94.11,123.91,12.7,0.38,1.98
2021,6,13,3.28,6.23,0.36,410.66,64.09,120.55,9.14,0.28,1.44
2021,6,14,3.61,5.97,0.39,417.32,70.96,115.33,9.55,0.29,1.47
2021,6,15,3.67,6.02,0.4,411.09,72.29,116.74,9.76,0.29,1.46
2021,6,16,4.88,6.14,0.53,402.2,95.25,119.31,12.51,0.36,1.84
2021,6,17,3.95,6.03,0.43,406.05,76.48,116.23,10.32,0.3,1.58
2021,6,18,5.4,6.26,0.59,395.92,104.7,121.16,13.51,0.38,1.98
2021,6,19,5.3,6.3,0.58,400.93,102.62,121.85,13.36,0.39,2
2021,6,20,4.39,6.23,0.48,409.34,85.36,120.7,11.44,0.34,1.78
2021,6,21,5.19,6.22,0.56,401.22,100.22,119.89,12.9,0.38,1.96
2021,6,22,4.53,6.29,0.49,408.38,88.41,121.73,11.77,0.35,1.83
2021,6,23,3.53,6.19,0.38,410.33,68.21,119.65,9.55,0.28,1.46
2021,6,24,5.28,6.26,0.58,400.12,102.2,120.84,13.31,0.38,1.97
2021,6,25,6.13,6.37,0.66,392.09,118.92,123.21,15.13,0.43,2.23
2021,6,26,5.16,6.3,0.56,400.82,100.78,122.57,13.27,0.39,2.05
2021,6,27,4.92,6.27,0.54,403.77,95.2,121.62,12.65,0.38,1.95
2021,6,28,5.3,6.29,0.58,397.18,103.25,122.16,13.58,0.39,2.02
2021,6,29,4.1,6.17,0.45,402.7,79.31,118.8,10.7,0.32,1.63
2021,6,30,1.7,6.12,0.19,421.46,34.16,118.41,5.12,0.16,0.8
2021,7,1,3.75,6.11,0.41,411.4,71.66,116.79,9.74,0.28,1.44
2021,7,2,4.36,5.48,0.48,405.8,81.82,102.18,10.09,0.29,1.47
2021,7,3,4.34,6.13,0.47,405.65,83.53,117.8,11.04,0.33,1.68
2021,7,4,2.45,6.21,0.27,415.69,48.66,120.21,7.13,0.23,1.15
2021,7,5,3.38,5.89,0.37,407.84,65.05,112.53,8.66,0.27,1.34
2021,7,6,3.88,5.52,0.42,409.97,73.77,103.95,9.34,0.27,1.41
2021,7,7,5.28,6.05,0.57,407.96,101.83,116.52,12.98,0.38,1.93
2021,7,8,4.03,6.19,0.44,417.53,79.34,120.49,10.75,0.32,1.62
2021,7,9,4.78,6.22,0.52,409.27,93.17,120.89,12.31,0.36,1.88
2021,7,10,4.77,6.34,0.52,411.17,92.59,123.59,12.48,0.37,1.85
2021,7,11,3.1,6.3,0.34,411.44,61.12,123.06,8.79,0.26,1.31
2021,7,12,2.29,6.42,0.25,412.35,45.44,125.69,6.63,0.2,0.98
2021,7,13,4.71,6.2,0.51,416.42,91.78,120.23,12.22,0.37,1.89
2021,7,14,4.58,6.3,0.49,411.52,89.19,122.73,11.98,0.35,1.79
2021,7,15,3.83,6.19,0.41,422.2,74.41,119.64,10.14,0.3,1.57
2021,7,16,5.54,6.23,0.59,407.87,107.62,121.19,13.9,0.41,2.08
2021,7,17,5.48,6.19,0.59,408.33,106.83,120.62,13.75,0.41,2.12
2021,7,18,5.66,6.43,0.6,404.3,109.78,124.92,14.28,0.41,2.09
2021,7,19,5.26,6.51,0.56,403.87,102.27,126.54,13.55,0.39,2.02
2021,7,20,2.22,6.35,0.23,422.3,43.82,123.09,6.42,0.19,0.97
2021,7,21,3.94,6.28,0.42,420.05,76.91,121.57,10.3,0.3,1.54
2021,7,22,4.97,6.37,0.53,414.75,96.66,123.83,12.65,0.36,1.83
2021,7,23,4.17,6.3,0.45,418.06,81.45,121.98,10.99,0.34,1.72
2021,7,24,4.7,6.36,0.5,416.84,91.31,123.51,12.27,0.38,1.91
2021,7,25,3.52,6.34,0.38,414.12,68.88,122.43,9.5,0.31,1.59
2021,7,26,4.62,6.39,0.48,414.78,89.76,123.6,12.12,0.38,1.94
2021,7,27,4.79,6.4,0.51,411.6,92.86,124.09,12.37,0.38,1.91
2021,7,28,4.83,6.53,0.51,408.73,93.54,126.62,12.52,0.37,1.89
2021,7,29,4.95,6.53,0.52,411.63,96.41,126.67,12.83,0.38,1.98
2021,7,30,2.57,6.32,0.27,423.18,50.9,121.62,7.34,0.23,1.13
2021,7,31,3.03,6.4,0.32,424.16,59.97,124.35,8.59,0.26,1.29
2021,8,1,2.79,6.34,0.29,421.68,54.7,122.66,7.7,0.23,1.12
2021,8,2,4.86,6.29,0.51,414.99,93.76,120.15,12.19,0.37,1.91
2021,8,3,4.32,6.51,0.45,411.65,84.05,125.72,11.22,0.34,1.79
2021,8,4,4.22,6.43,0.44,413.22,82.2,124,11.09,0.35,1.83
2021,8,5,3.55,6.41,0.37,416.17,69.22,123.57,9.52,0.3,1.52
2021,8,6,4.28,6.38,0.45,413.62,82.86,122.44,10.97,0.34,1.73
2021,8,7,5.27,6.53,0.55,415.13,103.16,126.65,13.53,0.42,2.21
2021,8,8,4.58,6.36,0.48,418.6,89.29,122.69,11.81,0.36,1.86
2021,8,9,5.9,6.59,0.61,406.52,114.99,127.47,14.84,0.45,2.36
2021,8,10,5.36,6.69,0.55,408.9,104.45,129.8,13.75,0.41,2.15
2021,8,11,5.5,6.49,0.56,408.67,106.79,124.92,13.78,0.42,2.24
2021,8,12,3.6,6.37,0.37,417.23,70.52,121.68,9.59,0.3,1.57
2021,8,13,3.86,6.27,0.4,418.82,74.7,119.04,9.93,0.3,1.56
2021,8,14,3.71,6.47,0.38,416.36,72.88,124.11,9.82,0.3,1.51
2021,8,15,5.2,6.47,0.53,407.29,99.71,122.87,12.79,0.38,1.95
2021,8,16,4.37,6.54,0.45,408.21,85.31,125.95,11.4,0.34,1.75
2021,8,17,6.25,6.79,0.63,408.23,122.62,131.98,15.82,0.48,2.52
2021,8,18,3.06,6.69,0.31,415.18,60.11,129.3,8.34,0.24,1.23
2021,8,19,4.17,6.55,0.42,418.34,81.66,126.3,10.92,0.33,1.7
2021,8,20,6.15,6.7,0.62,409.07,120.09,129.48,15.44,0.46,2.42
2021,8,21,6.27,6.83,0.63,400.73,121.26,130.74,15.51,0.46,2.43
2021,8,22,5.36,6.74,0.54,410.14,104.16,129.12,13.68,0.41,2.15
2021,8,23,4.53,6.71,0.45,415.88,87.83,129.35,11.86,0.36,1.85
2021,8,24,6.3,6.86,0.63,401.47,121.94,131.45,15.76,0.47,2.45
2021,8,25,5.87,6.91,0.59,405.62,114.61,133.48,15.09,0.46,2.41
2021,8,26,6.4,7.07,0.64,397.91,123.91,135.63,16.21,0.5,2.64
2021,8,27,3.04,6.9,0.3,413.35,59.64,133.61,8.48,0.27,1.38
2021,8,28,6.14,6.67,0.61,410.72,119.68,128.51,15.3,0.46,2.44
2021,8,29,2.67,6.6,0.27,420.66,52.98,126.38,7.48,0.24,1.24
2021,8,30,4.53,6.72,0.45,416.09,88.31,129.28,11.86,0.38,1.92
2021,8,31,3.55,6.73,0.35,421.4,70.19,129.19,9.75,0.31,1.62
2021,9,1,4.21,6.78,0.41,409.7,82.7,130.83,11.23,0.34,1.76
2021,9,2,6.16,6.9,0.61,405.04,119.79,132.45,15.38,0.46,2.41
2021,9,3,5.77,6.98,0.57,412.87,113.11,135.25,14.98,0.46,2.45
2021,9,4,5.05,6.92,0.5,415.78,99.36,134.73,13.38,0.41,2.09
2021,9,5,5.69,6.91,0.56,417.46,111.85,134.29,14.72,0.45,2.38
2021,9,6,5.92,7,0.59,413.34,116.07,135.7,15.34,0.49,2.62
2021,9,7,2.89,7.09,0.28,412.8,56.9,135.66,8.03,0.23,1.21
2021,9,8,5.24,6.94,0.52,412.45,101.78,133.38,13.59,0.44,2.28
2021,9,9,5.57,7,0.55,411.62,108.92,135.12,14.47,0.45,2.35
2021,9,10,3.8,7.01,0.38,423.55,74.98,135.45,10.53,0.34,1.75
2021,9,11,5.27,6.88,0.52,423.04,102.12,132.13,13.44,0.41,2.09
2021,9,12,5.84,6.97,0.57,406.16,112.04,131.95,14.43,0.43,2.21
2021,9,13,6.25,7.13,0.61,402.39,120.31,135.26,15.62,0.46,2.43
2021,9,14,6.28,7.05,0.61,412.42,122.82,136.09,15.99,0.49,2.59
2021,9,15,5.65,7.2,0.55,416.39,110.2,138.45,14.75,0.46,2.43
2021,9,16,6.45,7.1,0.62,411.73,125.52,136.1,16.2,0.48,2.57
2021,9,17,4.13,7.07,0.4,428.45,81,136.18,11.2,0.34,1.79
2021,9,18,5.01,6.9,0.48,428.08,96.81,131.7,12.7,0.38,1.96
2021,9,19,5.66,7.01,0.55,420.48,110.8,134.82,14.55,0.45,2.4
2021,9,20,5.58,7.17,0.54,419.97,109.18,138.17,14.61,0.45,2.36
2021,9,21,5.73,7.04,0.55,422.89,111.44,134.77,14.61,0.45,2.38
2021,9,22,3.85,6.88,0.38,427.38,74.24,130.3,10.01,0.31,1.6
2021,9,23,4.96,6.77,0.48,428.43,95.18,127.98,12.39,0.38,1.97
2021,9,24,5.58,6.85,0.54,423.83,107.92,130.16,13.96,0.43,2.24
2021,9,25,5.64,7.08,0.55,422.86,109.27,135.01,14.45,0.45,2.34
2021,9,26,5.8,7.01,0.56,421.08,112.39,134.01,14.59,0.44,2.26
2021,9,27,5.76,7.09,0.55,426.12,112.69,136.67,14.86,0.45,2.34
2021,9,28,5.27,7.06,0.51,426.41,102.55,135.29,13.62,0.41,2.12
2021,9,29,5.95,6.96,0.57,426.88,115.27,133.14,14.96,0.46,2.43
2021,9,30,5.41,7.01,0.52,421.2,104.81,134.68,13.79,0.43,2.23
2021,10,1,5.12,6.97,0.49,424.82,99.22,133.88,13.24,0.41,2.16
2021,10,2,4.79,7,0.46,429.52,94.18,135.47,12.69,0.39,2.01
2021,10,3,6.35,7.11,0.61,429.01,124.15,137.5,16.15,0.48,2.49
2021,10,4,4.32,6.94,0.41,430.45,84.47,134.16,11.36,0.34,1.76
2021,10,5,4.3,6.93,0.41,435.21,82.98,131.93,11.2,0.35,1.83
2021,10,6,3.94,7.06,0.38,429.81,75.96,134.51,10.38,0.32,1.65
2021,10,7,2.05,6.95,0.2,434.15,41.22,132.9,5.81,0.18,0.95
2021,10,8,5.21,6.75,0.5,421.66,101.48,129.7,13.18,0.4,2.09
2021,10,9,5.85,6.98,0.56,422.2,114.47,134.44,14.88,0.45,2.37
2021,10,10,6.31,7.04,0.61,420.48,123.06,135.75,15.77,0.46,2.38
2021,10,11,6.4,7.23,0.62,422.12,124.74,139.7,16.27,0.49,2.58
2021,10,12,4.67,6.97,0.45,438.88,91.13,133.51,12.28,0.39,2.06
2021,10,13,6.79,7.22,0.66,424.58,133.61,140.2,17.33,0.52,2.77
2021,10,14,6.47,7.27,0.62,426.47,126.98,140.71,16.68,0.5,2.64
2021,10,15,5.81,7.22,0.56,428.39,113.41,138.74,15.05,0.46,2.4
2021,10,16,6.51,7.17,0.63,432.4,126.47,137.54,16.38,0.51,2.7
2021,10,17,4.69,6.87,0.45,434.34,90.36,130.56,11.95,0.37,1.93
2021,10,18,3.34,6.88,0.32,436.86,65.45,131.57,9,0.28,1.45
2021,10,19,5.65,6.99,0.55,434.16,109.84,134.16,14.37,0.44,2.27
2021,10,20,5.9,6.85,0.57,421.12,116.32,133.43,15.12,0.46,2.4
2021,10,21,3.63,6.87,0.35,416.59,71.63,133.25,9.91,0.3,1.51
2021,10,22,6.48,7.06,0.62,411.18,127.47,137.38,16.57,0.5,2.62
2021,10,23,3.66,7.21,0.35,415.91,72.41,140.95,10.27,0.33,1.69
2021,10,24,6.29,7.1,0.61,412.43,123.57,138.37,16.12,0.49,2.59
2021,10,25,1.79,7.03,0.17,415.77,37.02,137.45,5.47,0.17,0.87
2021,10,26,5.27,6.99,0.51,416.98,102.88,135.65,13.71,0.41,2.16
2021,10,27,4.26,6.84,0.41,423.79,83.99,132.45,11.34,0.34,1.77
2021,10,28,4.02,6.89,0.39,413.77,79.26,133.75,10.79,0.33,1.67
2021,10,29,5.41,6.85,0.52,415.84,106.28,132.83,13.98,0.42,2.2
2021,10,30,5.43,6.98,0.53,409.95,106.43,135.06,14.16,0.44,2.32
2021,10,31,5.81,6.85,0.56,408.34,113.58,132.45,14.84,0.45,2.36
2021,11,1,5.67,6.95,0.55,411.3,109.44,133.84,14.32,0.43,2.23
2021,11,2,4.51,6.96,0.44,416.48,88.31,134.98,12.09,0.39,2.05
2021,11,3,5.27,6.88,0.52,415.81,103.83,133.66,13.78,0.43,2.22
2021,11,4,5.04,7.03,0.49,413.28,98.85,137.11,13.48,0.41,2.08
2021,11,5,6.01,6.82,0.59,413.96,117.02,131.55,15.08,0.45,2.41
2021,11,6,5.46,6.97,0.53,412.76,105.9,134.69,14.09,0.43,2.21
2021,11,7,2.75,6.75,0.27,416.05,54.67,129.94,7.49,0.22,1.12
2021,11,8,5.05,6.79,0.49,412.55,98.78,132.13,13.23,0.41,2.1
2021,11,9,3.8,6.87,0.38,420.66,74.98,133.4,10.53,0.34,1.8
2021,11,10,4.78,6.78,0.47,420.9,93.86,131.48,12.61,0.4,2.07
2021,11,11,4.61,6.85,0.45,419.45,91.19,133.78,12.44,0.4,2.09
2021,11,12,2.99,6.96,0.3,421.09,60.19,135.95,8.69,0.27,1.41
2021,11,13,4.1,6.94,0.41,421.68,82.16,136.52,11.54,0.38,1.95
2021,11,14,5.83,6.91,0.58,415.65,115.44,135.73,15.22,0.48,2.52
2021,11,15,6.24,6.92,0.62,412.76,122.91,135.47,16.01,0.49,2.63
2021,11,16,3.97,6.85,0.39,417.66,78.84,133.8,11.02,0.35,1.81
2021,11,17,2.33,6.77,0.23,418.62,46.66,131.84,6.77,0.2,1.05
2021,11,18,4.68,6.81,0.46,420.23,92.51,132.88,12.69,0.4,2.09
2021,11,19,4.77,6.83,0.48,419.77,94.62,133.91,13,0.41,2.09
2021,11,20,2.93,6.75,0.29,414.05,58.18,131.57,8.2,0.27,1.36
2021,11,21,5.06,6.58,0.5,412.42,98.68,127.04,12.95,0.4,2.07
2021,11,22,5.38,6.64,0.53,411.05,105.12,128.95,13.82,0.43,2.26
2021,11,23,4.12,6.53,0.41,414.67,80.05,126.23,10.8,0.33,1.7
2021,11,24,5.08,6.78,0.51,410.69,99.63,132.22,13.32,0.41,2.16
2021,11,25,5.23,6.83,0.52,407.7,101.21,132.28,13.55,0.43,2.22
2021,11,26,3.68,6.82,0.37,418.35,72.48,132.17,10.24,0.33,1.67
2021,11,27,4.19,6.71,0.42,420.7,82.96,131.05,11.34,0.34,1.78
2021,11,28,6.14,6.84,0.62,412.82,121.13,134.11,15.93,0.49,2.61
2021,11,29,5.31,6.81,0.53,410.19,104.59,133.23,13.96,0.41,2.16
2021,11,30,4.56,6.71,0.45,418.43,89.57,131.16,12.26,0.39,2.02
2021,12,1,4.25,6.7,0.43,415.47,82.81,130.52,11.45,0.36,1.86
2021,12,2,3.6,6.6,0.36,410.89,70.05,128,9.72,0.3,1.53
2021,12,3,5.74,6.59,0.58,408.66,111.99,128.24,14.42,0.42,2.2
2021,12,4,3.62,6.68,0.36,418.88,71.77,130.93,10.02,0.31,1.59
2021,12,5,5.26,6.58,0.53,413.01,102.74,127.97,13.49,0.42,2.23
2021,12,6,2.9,6.76,0.29,419.35,57.58,133.13,8.38,0.27,1.38
2021,12,7,2.48,6.81,0.25,418.62,49.99,134.35,7.44,0.23,1.19
2021,12,8,6.08,6.84,0.61,406.99,120.21,134.97,15.79,0.48,2.53
2021,12,9,4.49,6.69,0.45,417.38,88.35,131.62,12.18,0.38,1.98
2021,12,10,4.02,6.66,0.41,420.64,78.97,130.97,11.07,0.36,1.84
2021,12,11,4.1,6.62,0.41,418.1,80.01,129.84,11.05,0.35,1.81
2021,12,12,5.04,6.51,0.51,412.9,98.87,127.2,13.09,0.41,2.14
2021,12,13,3.62,6.54,0.37,418.81,70.69,127.77,9.86,0.33,1.68
2021,12,14,5.27,6.52,0.53,412.96,102.01,127.42,13.39,0.41,2.15
2021,12,15,1.8,6.4,0.18,420.12,35.97,124.12,5.2,0.16,0.83
2021,12,16,4.86,6.49,0.49,419.5,94.74,126.2,12.58,0.38,1.96
2021,12,17,3.65,6.62,0.37,419.98,71.66,129.55,10.14,0.31,1.61
2021,12,18,3.4,6.67,0.34,422.86,67.05,131.24,9.59,0.3,1.55
2021,12,19,4.6,6.59,0.46,419.16,89.67,129.07,12.2,0.39,2.04
2021,12,20,5.19,6.62,0.52,416.05,101.8,129.7,13.53,0.42,2.23
2021,12,21,4.02,6.7,0.41,417.87,78.47,131.4,11.02,0.37,1.91
2021,12,22,5.69,6.64,0.57,412.72,111.04,130.03,14.45,0.45,2.29
2021,12,23,2.09,6.66,0.21,415.5,41.61,130.41,6.06,0.19,0.97
2021,12,24,5.22,6.71,0.52,412.12,101.67,131.55,13.62,0.43,2.25
2021,12,25,5.38,6.74,0.54,414.83,106.08,132.67,14.2,0.45,2.38
2021,12,26,5.74,6.79,0.58,413.99,112.98,133.43,14.93,0.47,2.5
2021,12,27,5.3,6.68,0.53,412.63,103.08,130.59,13.67,0.43,2.27
2021,12,28,1.62,6.69,0.16,417.12,32.55,131.06,4.91,0.15,0.78
2021,12,29,3.58,6.64,0.36,419.34,69.77,129.96,9.76,0.31,1.6
2021,12,30,4.33,6.68,0.44,416.18,84.59,130.73,11.75,0.4,2.1
2021,12,31,5.3,6.65,0.53,414.26,104.41,130.39,13.77,0.44,2.33
2022,1,1,2.51,6.62,0.25,420.11,50.68,129.47,7.44,0.25,1.3
2022,1,2,6.01,6.76,0.6,410.99,117.45,131.98,15.14,0.48,2.5
2022,1,3,5.09,6.77,0.51,419.2,99.52,131.98,13.3,0.42,2.21
2022,1,4,5.89,6.86,0.59,415.43,115.7,134.45,15.2,0.47,2.47
2022,1,5,5.91,6.92,0.59,415.95,116.11,135.98,15.34,0.48,2.55
2022,1,6,6.38,6.83,0.64,408.18,125.05,133.67,16.03,0.48,2.5
2022,1,7,5.66,6.81,0.56,409.36,110.89,133.29,14.48,0.45,2.32
2022,1,8,2.86,6.81,0.29,418.28,56.58,132.23,8.31,0.26,1.31
2022,1,9,5.69,6.89,0.57,407.15,111.36,134.49,14.8,0.46,2.44
2022,1,10,6.28,7,0.62,397.01,122.28,135.81,15.82,0.48,2.55
2022,1,11,5.36,6.81,0.53,407.8,103.28,131.36,13.62,0.41,2.14
2022,1,12,6.02,6.73,0.6,398.1,115.41,128.62,14.69,0.45,2.43
2022,1,13,1.68,6.82,0.16,410.77,33.46,131.62,4.9,0.15,0.77
2022,1,14,5.97,6.71,0.59,404.66,115.41,129.12,14.81,0.46,2.45
2022,1,15,5.43,6.72,0.54,412.27,105.88,130.34,14.02,0.45,2.34
2022,1,16,2.76,6.82,0.27,414.77,54.95,133.13,7.94,0.27,1.36
2022,1,17,5.29,6.84,0.52,406.19,103.23,133.45,13.83,0.43,2.24
2022,1,18,6.57,7.02,0.65,402.97,129.66,138.12,16.84,0.51,2.65
2022,1,19,5.85,6.83,0.58,406.16,114.7,133.13,14.88,0.44,2.28
2022,1,20,4.85,6.91,0.48,413.44,94.62,135.13,13.01,0.43,2.22
2022,1,21,3.41,6.77,0.34,412.2,67.09,131.6,9.58,0.31,1.59
2022,1,22,5.52,6.82,0.55,411.83,108.34,133.09,14.45,0.45,2.38
2022,1,23,5.33,6.88,0.52,410.99,105,134.27,14.02,0.43,2.27
2022,1,24,4.51,6.78,0.45,415.57,89.07,131.84,12.12,0.37,1.91
2022,1,25,3.48,6.8,0.34,416.25,69.09,132.27,9.75,0.31,1.59
2022,1,26,4.6,6.81,0.45,415.26,90.09,132.2,12.29,0.39,2.02
2022,1,27,5.68,6.93,0.55,405.09,110.91,134.39,14.58,0.46,2.45
2022,1,28,5.02,6.78,0.49,409.41,97.2,130.7,12.88,0.4,2.08
2022,1,29,4.1,6.79,0.4,407.37,79.66,130.25,10.83,0.35,1.8
2022,1,30,4.75,6.93,0.46,406.19,91.51,133.05,12.31,0.39,2.01
2022,1,31,6.22,7.06,0.61,399.84,120.47,136.05,15.53,0.48,2.52
2022,2,1,6.21,6.95,0.6,404.29,120.23,133.96,15.39,0.48,2.55
2022,2,2,5.26,6.88,0.51,419.87,103.07,133.36,13.71,0.45,2.35
2022,2,3,4.29,6.96,0.41,417.33,84.79,135.94,11.77,0.38,1.99
2022,2,4,5.22,6.86,0.51,416.02,101.98,133.27,13.51,0.41,2.16
2022,2,5,4.29,7,0.41,413.41,84.62,136.34,11.66,0.38,1.91
2022,2,6,5.01,6.97,0.48,414.27,99.05,136.42,13.41,0.42,2.18
2022,2,7,3.18,6.89,0.3,415.2,63.23,134.01,8.89,0.29,1.51
2022,2,8,3.96,6.88,0.38,413.88,78.87,134.01,10.91,0.36,1.88
2022,2,9,3.75,6.83,0.36,413.52,73.88,132.12,10.14,0.33,1.67
2022,2,10,4.87,6.85,0.47,410.42,94.87,132.48,12.57,0.39,2.02
2022,2,11,3.95,6.78,0.38,414.84,77.52,130.9,10.45,0.34,1.74
2022,2,12,5.47,6.89,0.52,414.59,107.04,133.46,14.01,0.44,2.26
2022,2,13,4.09,6.97,0.39,417.75,80.62,135.77,11.1,0.38,1.95
2022,2,14,1.76,6.95,0.17,409.35,36.3,135.19,5.35,0.17,0.9
2022,2,15,5.37,6.99,0.52,407.96,106.27,136.13,14.18,0.45,2.38
2022,2,16,5.39,6.78,0.52,411.2,106.03,131.44,13.7,0.43,2.23
2022,2,17,3.48,6.97,0.34,421,69.55,135.84,9.89,0.33,1.68
2022,2,18,3.01,7.01,0.29,413.59,61.34,136.91,8.77,0.28,1.47
2022,2,19,6.13,6.98,0.59,413.14,120.82,136.3,15.72,0.51,2.74
2022,2,20,5.57,6.9,0.53,412.26,109.32,133.93,14.26,0.47,2.53
2022,2,21,6.38,6.98,0.61,409.16,125.03,135.62,15.96,0.5,2.65
2022,2,22,3.5,7.11,0.34,416.88,69.51,139.03,9.87,0.34,1.74
2022,2,23,4.42,7.16,0.42,415.95,88.02,140.51,12.38,0.41,2.1
2022,2,24,5.43,7.17,0.52,409.44,107.62,140.47,14.45,0.47,2.5
2022,2,25,3.88,7.04,0.37,414.19,76.93,136.91,10.77,0.36,1.86
2022,2,26,4.31,6.96,0.41,412.44,85.34,135.16,11.51,0.37,1.9
2022,2,27,4.46,6.89,0.42,412.09,88.25,133.79,11.95,0.38,2
2022,2,28,4.82,7.03,0.46,410.95,95.82,137.2,12.8,0.41,2.13
2022,3,1,5.37,7.06,0.51,409.22,106.1,137.8,14.04,0.45,2.34
2022,3,2,5.72,6.93,0.55,412.82,112.51,134.71,14.66,0.47,2.5
2022,3,3,4.67,7.08,0.45,414.78,92.76,138.59,12.67,0.41,2.16
2022,3,4,4.31,7.12,0.41,410.79,84.87,138.84,11.74,0.38,2
2022,3,5,5.31,7.06,0.51,407.35,104.93,137.57,14.1,0.46,2.45
2022,3,6,5.74,7.19,0.55,408.01,113.77,140.77,15.2,0.49,2.61
2022,3,7,4.72,7.15,0.45,413.51,93.43,139.49,12.82,0.43,2.28
2022,3,8,3.3,7.14,0.31,409.57,65.78,139.65,9.28,0.3,1.53
2022,3,9,5.4,6.84,0.52,406.42,105.62,132.41,13.74,0.45,2.37
2022,3,10,5.8,6.99,0.55,409.29,114.41,135.72,14.9,0.48,2.57
2022,3,11,4.87,7.15,0.46,412.95,96.77,139.81,13.23,0.45,2.38
2022,3,12,4.27,7.2,0.41,415.11,84.55,141.05,11.62,0.4,2.12
2022,3,13,2.58,7.29,0.24,413.18,51.85,143.39,7.69,0.27,1.38
2022,3,14,6.08,7.11,0.58,407.01,120.09,138.94,15.77,0.52,2.75
2022,3,15,4.28,7.1,0.41,411.03,85.01,138.65,11.79,0.4,2.09
2022,3,16,3.56,7.06,0.34,408.95,70.32,137.1,9.92,0.32,1.66
2022,3,17,6.03,6.99,0.57,406.54,118.85,136.05,15.54,0.48,2.59
2022,3,18,4.22,7.08,0.4,418.9,83.67,137.93,11.56,0.39,2.08
2022,3,19,4.66,7.03,0.45,413.66,91.7,136.81,12.41,0.41,2.18
2022,3,20,4.67,6.91,0.45,419.8,91.75,133.79,12.35,0.41,2.09
2022,3,21,5.06,7.11,0.48,411.16,100.26,139.11,13.5,0.42,2.22
2022,3,22,5.19,7.19,0.49,411.31,102.38,141.12,13.88,0.45,2.37
2022,3,23,5.14,7.07,0.49,412.81,101.52,138.26,13.71,0.45,2.4
2022,3,24,5.77,7.1,0.55,416.23,113.84,138.78,15.14,0.48,2.54
2022,3,25,3.57,7.06,0.34,414.32,70.16,137.83,9.98,0.33,1.72
2022,3,26,4.16,7.07,0.4,415.19,81.66,137.8,11.35,0.38,2.02
2022,3,27,5.02,7.01,0.48,411.73,98.61,136.73,13.38,0.45,2.31
2022,3,28,2.58,7.2,0.25,412.39,51.71,141.45,7.57,0.27,1.41
2022,3,29,4.06,7.07,0.39,410.73,80.38,138.15,11.28,0.38,1.97
2022,3,30,5.42,7.05,0.52,410.3,106.29,136.75,14.21,0.46,2.41
2022,3,31,5.76,7.2,0.55,403.55,113.42,139.86,15.17,0.49,2.62
2022,4,1,6.8,7.23,0.66,401.25,134.25,141.27,17.48,0.55,2.91
2022,4,2,4.2,7.21,0.41,411.79,83.62,141.2,11.72,0.38,1.96
2022,4,3,4.97,7.22,0.48,407.45,99.02,141.8,13.52,0.43,2.25
2022,4,4,4.12,7,0.4,416.54,82.28,136.99,11.44,0.38,1.99
2022,4,5,3.96,7.13,0.38,413.38,78.86,140.11,11.28,0.39,2.04
2022,4,6,5.34,7.02,0.52,414.19,105.66,137.14,14.22,0.46,2.4
2022,4,7,5.91,6.98,0.58,411.13,117.01,136.52,15.44,0.49,2.63
2022,4,8,3.1,6.96,0.3,415.83,62.3,135.84,9.03,0.3,1.53
2022,4,9,4.61,6.91,0.45,409.65,91.42,134.46,12.53,0.41,2.16
2022,4,10,5.76,6.93,0.56,406.14,113.34,135.16,15.02,0.48,2.47
2022,4,11,2.48,6.91,0.24,409.46,50.47,134.73,7.36,0.23,1.2
2022,4,12,5.44,6.83,0.53,411.12,106.99,132.34,14.05,0.42,2.2
2022,4,13,5.3,6.65,0.52,411.08,103.31,128.36,13.45,0.41,2.12
2022,4,14,3.48,7.09,0.34,414.58,69.52,138.95,9.84,0.33,1.73
2022,4,15,5.01,6.81,0.49,409.91,98.1,131.73,13.16,0.41,2.16
2022,4,16,5.95,6.94,0.59,409.16,117.34,135.41,15.52,0.48,2.53
2022,4,17,5.18,6.71,0.52,410.87,100.64,129.95,13.36,0.43,2.24
2022,4,18,4.52,6.73,0.45,414.72,89.36,131.08,12.2,0.4,2.09
2022,4,19,3.74,6.73,0.38,416.79,74.41,131.14,10.35,0.35,1.84
2022,4,20,3.83,6.54,0.38,411.56,75.62,126.65,10.25,0.34,1.81
2022,4,21,4.46,6.64,0.45,410.34,88.13,129.34,11.89,0.39,2.03
2022,4,22,5.92,6.68,0.59,406.7,116.29,130.21,15.08,0.48,2.54
2022,4,23,5.55,6.76,0.55,411.38,109.82,132.66,14.57,0.45,2.41
2022,4,24,2.6,6.72,0.26,411.33,52.43,131.13,7.34,0.22,1.13
2022,4,25,6.45,6.86,0.65,405.79,127.34,134.19,16.49,0.52,2.77
2022,4,26,3.26,6.77,0.33,415.28,64.44,132.05,9,0.3,1.52
2022,4,27,6.21,6.81,0.62,406.77,122.82,133.77,16.02,0.49,2.55
2022,4,28,4.25,6.78,0.43,412.17,83.93,132.92,11.77,0.37,1.9
2022,4,29,4.83,6.75,0.48,408.45,95.05,132.27,12.99,0.42,2.16
2022,4,30,4.91,6.59,0.5,410.87,96.59,128.5,12.81,0.4,2.03
2022,5,1,4.62,6.63,0.47,412.08,91.2,129.69,12.25,0.38,1.91
2022,5,2,4.83,6.34,0.49,414.04,94.04,122.88,12.23,0.37,1.9
2022,5,3,4.9,6.57,0.5,417.18,95.96,128.41,12.93,0.41,2.09
2022,5,4,4.88,6.52,0.5,411.56,96.56,127.41,12.91,0.41,2.14
2022,5,5,5.54,6.57,0.57,406.92,108.44,128.09,14.29,0.45,2.41
2022,5,6,3.42,6.71,0.35,421.83,66.43,131.41,9.62,0.33,1.71
2022,5,7,4.71,6.35,0.48,414.05,92.72,122.97,12.36,0.4,2.09
2022,5,8,4.56,6.5,0.47,412.66,89.16,126.48,12.02,0.39,2.02
2022,5,9,4.14,6.54,0.43,414.98,81.37,128.25,11.27,0.36,1.86
2022,5,10,5.78,6.56,0.6,414.8,114.49,129.3,14.97,0.45,2.4
2022,5,11,4.71,6.52,0.49,413.25,93.32,127.7,12.64,0.4,2.09
2022,5,12,4.95,6.53,0.52,414.19,97.1,128,13.08,0.41,2.17
2022,5,13,4.8,6.51,0.5,415.3,95.29,128.18,12.84,0.41,2.1
2022,5,14,5.12,6.5,0.53,417.25,101.27,127.92,13.5,0.41,2.16
2022,5,15,3.89,6.46,0.41,416.08,74.43,126.12,10.43,0.33,1.69
2022,5,16,5,6.5,0.52,409.81,97.81,127.64,13.17,0.41,2.08
2022,5,17,2.77,6.54,0.29,412.87,53.85,128.38,7.88,0.24,1.26
2022,5,18,2.63,6.35,0.27,412.24,50.88,123.43,7.46,0.24,1.24
2022,5,19,2.45,6.28,0.26,408.17,47.54,121.45,6.89,0.23,1.14
2022,5,20,2.8,6.35,0.3,413.84,54.05,123.41,7.87,0.26,1.3
2022,5,21,2.44,6.03,0.26,412.71,48.05,116.24,6.73,0.21,1.09
2022,5,22,3.7,6.36,0.39,410.73,70.83,124.16,9.79,0.31,1.59
2022,5,23,5.01,6.39,0.53,406.77,96.95,124.35,12.79,0.38,1.99
2022,5,24,4.89,6.52,0.52,405.14,95.68,126.98,12.81,0.4,2.08
2022,5,25,5.06,6.49,0.54,406.58,98.7,126.72,13.16,0.39,2.02
2022,5,26,4.72,6.49,0.5,409.36,91.52,127.12,12.53,0.38,1.98
2022,5,27,2.65,6.43,0.28,414.07,51.38,125.52,7.38,0.23,1.16
2022,5,28,5.01,6.37,0.53,410.75,98.36,124.98,13.08,0.39,2.04
2022,5,29,4.74,6.43,0.51,410.91,93.41,126.07,12.66,0.38,1.97
2022,5,30,2.92,6.37,0.31,416.67,57.07,124.85,8.15,0.25,1.29
2022,5,31,4.92,6.23,0.53,413.48,95.74,121.51,12.74,0.37,1.88
2022,6,1,3.55,6.1,0.38,407.56,69.64,118.12,9.49,0.28,1.41
2022,6,2,5.16,6.22,0.55,401.48,100.89,120.95,13.2,0.39,2.02
2022,6,3,3.58,6.01,0.38,413.87,69.87,116.09,9.45,0.29,1.48
2022,6,4,3.26,6.31,0.35,409.51,64.27,123.21,9.17,0.29,1.46
2022,6,5,5.06,6.33,0.55,405.94,98.41,123.63,13.09,0.39,2
2022,6,6,5.05,6.36,0.55,404.23,98.9,124.57,13.2,0.39,2.02
2022,6,7,4.74,6.41,0.52,408.65,93.09,126.27,12.6,0.38,1.94
2022,6,8,3.9,6.33,0.42,408.89,76,123.8,10.68,0.33,1.67
2022,6,9,4.65,6.26,0.5,407.51,90.45,122.01,12.19,0.37,1.89
2022,6,10,5.34,6.24,0.58,404.27,103.82,121.55,13.61,0.39,2.02
2022,6,11,2.37,6.18,0.26,409.58,47.27,120.12,6.84,0.2,1.02
2022,6,12,3.43,6.18,0.38,404.93,67.56,120.32,9.37,0.27,1.39
2022,6,13,2.27,6.14,0.24,413.37,45.55,119.45,6.63,0.2,0.99
2022,6,14,2.76,6.15,0.3,415.18,54.81,119.55,7.95,0.24,1.23
2022,6,15,4.52,6.28,0.49,407.6,88.58,122.29,11.88,0.34,1.7
2022,6,16,4.32,6.19,0.47,409.61,84.99,120.43,11.45,0.33,1.69
2022,6,17,5.42,6.17,0.59,404.61,105.46,119.62,13.62,0.38,1.98
2022,6,18,4.86,6.3,0.53,403.62,94.38,121.35,12.38,0.35,1.79
2022,6,19,4.42,6.37,0.48,405.56,84.68,121.95,11.44,0.34,1.73
2022,6,20,4.6,6.11,0.5,406.04,89.3,118.39,11.78,0.34,1.76
2022,6,21,3.56,6.25,0.39,408.7,70.73,122.05,9.8,0.29,1.45
2022,6,22,5.07,6.21,0.55,399.88,98.42,120.12,12.83,0.38,1.95
2022,6,23,4.9,6.29,0.53,403.02,95.3,122.17,12.57,0.37,1.86
2022,6,24,3.58,6.3,0.39,413.73,70.74,123.38,10.02,0.3,1.58
2022,6,25,4.05,6.35,0.44,410.24,78.92,123.33,10.88,0.31,1.59
2022,6,26,4.3,6.37,0.47,406.38,83.88,123.72,11.38,0.33,1.66
2022,6,27,4.41,6.16,0.48,406.77,85.3,118.33,11.36,0.33,1.65
2022,6,28,4.5,6.29,0.49,410.52,87.62,121.97,11.87,0.34,1.76
2022,6,29,4.82,6.27,0.52,406.95,93.76,121.65,12.34,0.34,1.73
2022,6,30,4,6.29,0.44,410.79,77.87,121.48,10.74,0.32,1.62
2022,7,1,4.25,6.37,0.46,412.45,82.81,124.43,11.45,0.34,1.73
2022,7,2,5.55,6.35,0.6,405.28,109.06,124.38,14.23,0.41,2.08
2022,7,3,5.04,6.28,0.55,407.16,98,122.34,13.01,0.38,1.92
2022,7,4,4.49,6.2,0.48,411.33,87.55,120.93,11.75,0.34,1.73
2022,7,5,5.67,6.3,0.62,402.42,110.52,122.55,14.22,0.41,2.13
2022,7,6,5.67,6.44,0.62,400,110.41,125.34,14.26,0.41,2.07
2022,7,7,4.67,6.35,0.51,412.69,91.58,124.13,12.31,0.35,1.81
2022,7,8,5.05,6.36,0.55,412.74,98.9,124.57,13.26,0.38,1.98
2022,7,9,4.18,6.33,0.45,418.11,82.19,124.45,11.38,0.34,1.71
2022,7,10,4.22,6.17,0.45,416.32,83.01,121.05,11.15,0.32,1.6
2022,7,11,5.41,6.41,0.59,407.08,105.82,125.07,13.9,0.39,1.99
2022,7,12,5.08,6.32,0.55,404.03,99.04,122.69,13.01,0.38,1.95
2022,7,13,4.44,6.29,0.48,410.23,86.55,122.37,11.73,0.35,1.79
2022,7,14,5.47,6.31,0.59,410.7,106.94,123.34,14.02,0.41,2.11
2022,7,15,5.44,6.31,0.59,408.8,106.75,123.59,13.99,0.41,2.09
2022,7,16,6.05,6.4,0.65,402.09,118.15,124.89,15.16,0.43,2.26
2022,7,17,6.03,6.44,0.65,400.59,117.62,125.18,15.12,0.44,2.27
2022,7,18,5.81,6.49,0.62,401.13,112.79,125.81,14.64,0.41,2.09
2022,7,19,3.38,6.44,0.36,413.31,65.53,124.57,9.18,0.27,1.38
2022,7,20,3.88,6.44,0.41,412.94,76.07,125.58,10.65,0.32,1.62
2022,7,21,5.01,6.3,0.53,412.29,98,122.79,12.91,0.37,1.87
2022,7,22,3.89,6.28,0.41,419.26,77.15,122.92,10.59,0.31,1.6
2022,7,23,4.38,6.17,0.46,414.51,84.77,119.73,11.34,0.33,1.66
2022,7,24,4.09,6.11,0.43,413.38,79.34,118.07,10.68,0.3,1.55
2022,7,25,3.47,6.26,0.37,415.83,67.1,120.65,9.26,0.28,1.45
2022,7,26,4.26,6.42,0.45,407.09,83.01,124.33,11.25,0.32,1.62
2022,7,27,3.34,6.39,0.35,416.2,65.54,123.82,9.27,0.28,1.45
2022,7,28,5.33,6.47,0.56,404.04,103.82,125.85,13.72,0.41,2.12
2022,7,29,5.01,6.35,0.52,409.27,96.2,120.9,12.49,0.37,1.88
2022,7,30,5.22,6.37,0.55,411.05,100.55,122.3,13.07,0.38,1.93
2022,7,31,5.54,6.32,0.58,397.84,106.13,120.67,13.47,0.38,1.96
2022,8,1,3.64,6.49,0.38,407.69,70.7,126.3,9.87,0.3,1.49
2022,8,2,3.52,6.29,0.37,413.09,67.82,121.14,9.34,0.27,1.36
2022,8,3,4.5,6.46,0.47,410.16,87.66,125.64,11.83,0.34,1.75
2022,8,4,4.86,6.44,0.51,402.65,94.65,124.73,12.55,0.37,1.88
2022,8,5,5.24,6.61,0.55,407.02,101.63,128.07,13.52,0.41,2.09
2022,8,6,5.13,6.73,0.53,406.93,99.73,130.94,13.36,0.39,2.02
2022,8,7,5.68,6.76,0.59,401.92,110.51,130.89,14.53,0.41,2.15
2022,8,8,5.46,6.84,0.56,407.03,106.57,132.75,14.24,0.41,2.16
2022,8,9,6.17,6.77,0.63,403.22,120.23,131.34,15.49,0.44,2.27
2022,8,10,5.48,6.77,0.56,402.33,106.16,130.42,14.01,0.41,2.09
2022,8,11,4.08,6.56,0.42,411.89,78.96,125.77,10.67,0.31,1.56
2022,8,12,4.37,6.35,0.45,415.7,84.47,121.43,11.12,0.33,1.68
2022,8,13,2.82,6.39,0.29,412.48,55.52,122.44,7.59,0.21,1.09
2022,8,14,5.46,6.59,0.55,403.14,104.65,125.55,13.57,0.39,2.03
2022,8,15,6.23,6.93,0.63,397.08,121.83,134.42,15.86,0.45,2.36
2022,8,16,5.74,6.77,0.59,402.41,112.33,131.4,14.69,0.43,-999
2022,8,17,5.27,6.73,0.54,413.66,103.77,131.5,13.91,0.41,2.17
2022,8,18,6.38,6.82,0.65,402.35,125.28,132.82,16.2,0.45,2.27
2022,8,19,3.64,6.25,0.37,410.16,69.72,118.48,8.91,0.24,1.22
2022,8,20,1.32,6.2,0.13,423.41,27.02,116.7,3.85,0.11,0.55
2022,8,21,3.67,6.49,0.37,421.39,71.39,124.37,9.7,0.29,1.45
2022,8,22,4.51,6.07,0.45,407.85,85.88,113.84,10.65,0.3,1.53
2022,8,23,4.77,5.71,0.48,399.37,88.01,104.36,10.28,0.28,1.45
2022,8,24,3.74,5.61,0.38,418.37,70.57,102.26,8.37,0.24,1.25
2022,8,25,5.67,6.37,0.57,403.74,109.14,121.15,13.69,0.39,2.02
2022,8,26,3.13,6.72,0.31,410.76,61.38,129.77,8.52,0.25,1.27
2022,8,27,4.54,6.75,0.45,405.49,89.09,129.98,11.79,0.34,1.74
2022,8,28,4.25,6.81,0.42,406.72,83.91,131.41,11.38,0.35,1.81
2022,8,29,5.65,6.68,0.56,408.34,109.15,127.66,14.08,0.41,2.11
2022,8,30,3.49,6.46,0.34,413,67.77,122.36,9.12,0.27,1.33
2022,8,31,5.53,6.54,0.55,407.92,105.86,123.64,13.45,0.38,1.94
2022,9,1,5.29,6.59,0.52,411.92,101.41,124.02,12.95,0.37,1.9
2022,9,2,5.41,6.55,0.54,411.34,105.16,125,13.55,0.4,2.11
2022,9,3,3.54,6.43,0.35,417.79,69.6,122.05,9.3,0.28,1.45
2022,9,4,2.94,5.85,0.29,415.95,56.6,106.88,7.1,0.2,0.99
2022,9,5,3.04,5.72,0.3,421.45,57.59,103.38,7.15,0.2,1.05
2022,9,6,4.35,6.05,0.43,413.31,82.9,111.59,10.34,0.3,1.59
2022,9,7,5.48,6.58,0.54,407.05,105.37,124.91,13.59,0.39,2.05
2022,9,8,5.72,6.94,0.56,409.3,111.82,133.97,14.79,0.45,2.32
2022,9,9,6.4,7.11,0.62,406.38,126.13,138.55,16.58,0.5,2.6
2022,9,10,5.34,7.05,0.52,409.32,104.4,135.69,14.05,0.42,2.2
2022,9,11,6.4,7.17,0.62,396.42,123.83,137.34,16.06,0.46,2.37
2022,9,12,3.86,6.96,0.38,411.64,76.09,133.98,10.61,0.31,1.59
2022,9,13,6.16,6.91,0.6,402.9,120.2,132.98,15.61,0.45,2.35
2022,9,14,6.6,6.92,0.64,400,128.46,133.12,16.37,0.46,2.39
2022,9,15,5.78,6.93,0.56,406.45,112.92,133.38,14.77,0.43,2.2
2022,9,16,2.52,6.96,0.24,414.35,50,133.12,7.31,0.22,1.11
2022,9,17,5.05,6.65,0.49,411.2,97.55,126.44,12.66,0.37,1.89
2022,9,18,5.8,6.68,0.56,409.04,111.78,127.05,14.25,0.4,2.08
2022,9,19,5.82,6.84,0.56,404.47,111.57,129.87,14.34,0.41,2.09
2022,9,20,5.57,7.05,0.54,402.73,108.47,135.61,14.36,0.42,2.2
2022,9,21,6.04,7.2,0.59,400.26,116.85,138.05,15.45,0.45,2.31
2022,9,22,6.68,7.23,0.65,396.64,129.21,138.12,16.71,0.48,2.48
2022,9,23,6.42,7.16,0.62,401.84,124.89,137.41,16.16,0.46,2.38
2022,9,24,5.75,7.08,0.55,407.26,111.12,135.54,14.66,0.43,2.2
2022,9,25,4.5,7.17,0.44,405.81,86.86,135.87,11.91,0.36,1.86
2022,9,26,6.45,7.04,0.62,399.42,124.15,133.76,15.91,0.46,2.41
2022,9,27,6.76,6.89,0.66,398.7,129.96,131.14,16.37,0.46,2.42
2022,9,28,6.2,6.94,0.6,406.32,119.61,132.38,15.35,0.45,2.29
2022,9,29,6.56,7.07,0.63,399.7,126.86,135.09,16.26,0.45,2.38
2022,9,30,6.03,7.06,0.58,406.21,116.36,134.62,15.14,0.44,2.27
2022,10,1,1.74,6.88,0.16,409.27,35.04,130.91,4.94,0.12,0.63
2022,10,2,4.09,7.07,0.39,410.36,79.61,135.41,11.09,0.33,1.68
2022,10,3,6.82,7.13,0.66,401.6,132.84,137.09,16.96,0.47,2.42
2022,10,4,7,7.16,0.67,392.86,136.71,138.22,17.45,0.49,2.55
2022,10,5,6.38,7.15,0.62,400.22,123.95,137.55,16.12,0.46,2.38
2022,10,6,6.49,6.97,0.62,399.56,125.29,133.04,15.95,0.45,2.3
2022,10,7,6.89,7.18,0.66,400.47,134.18,138.15,17.2,0.48,2.51
2022,10,8,6.14,7.03,0.59,405.69,118.68,134.62,15.33,0.44,2.27
2022,10,9,4.72,7.08,0.45,415.13,91.47,135.12,12.41,0.36,1.85
2022,10,10,4.15,6.92,0.4,416.67,81.02,131.76,10.98,0.31,1.59
2022,10,11,4.65,6.62,0.45,415.2,90.22,126.29,11.66,0.33,1.67
2022,10,12,4.28,6.94,0.41,410.55,83.41,133.45,11.4,0.34,1.78
2022,10,13,5.98,6.83,0.58,404.62,115.7,130.98,14.71,0.42,2.16
2022,10,14,4.39,6.9,0.42,419,86.58,133.26,11.71,0.37,1.91
2022,10,15,2.81,6.81,0.27,418.55,56.13,131.06,7.88,0.24,1.23
2022,10,16,4.17,6.95,0.41,415.14,83.21,135.22,11.45,0.34,1.78
2022,10,17,3.62,6.93,0.35,412.11,71.84,134.4,9.85,0.3,1.5
2022,10,18,6.34,7.09,0.61,410.2,125.2,138.33,16.31,0.47,2.45
2022,10,19,3.53,7.07,0.34,416.61,70.06,138.62,10.12,0.29,1.48
2022,10,20,5.27,6.91,0.51,411.26,104.09,134.56,13.86,0.41,2.09
2022,10,21,4.6,6.99,0.45,412.31,90.56,136.65,12.47,0.37,1.88
2022,10,22,5.62,6.88,0.55,413.21,110.52,133.32,14.53,0.45,2.35
2022,10,23,3.59,6.88,0.34,414.89,70.73,132.8,9.66,0.3,1.55
2022,10,24,2.56,6.71,0.25,416.58,51.39,128.99,7.05,0.2,0.98
2022,10,25,5.24,6.68,0.51,414.04,101.27,128.24,13.09,0.39,1.99
2022,10,26,4.67,6.74,0.45,411.73,91.55,129.96,12.09,0.36,1.87
2022,10,27,6.43,6.92,0.62,404.99,125.55,134.23,16.07,0.46,2.41
2022,10,28,2.34,6.83,0.23,414.02,46.79,131.66,6.71,0.2,1.04
2022,10,29,2.36,6.82,0.23,411.73,46.85,131.85,6.77,0.2,0.98
2022,10,30,5.77,6.89,0.56,411.34,113.71,134.39,14.88,0.42,2.2
2022,10,31,6.21,6.86,0.6,404.71,121.48,133.17,15.59,0.44,2.27
2022,11,1,3.68,6.53,0.36,412.21,71.51,124.87,9.41,0.29,1.48
2022,11,2,2.23,6.73,0.22,416.38,45.16,129.5,6.49,0.2,1
2022,11,3,3.05,6.68,0.3,417.83,60.2,128.38,8.49,0.27,1.34
2022,11,4,4.11,6.43,0.4,421.45,80.11,122.14,10.36,0.31,1.62
2022,11,5,5.58,6.44,0.55,412.37,107.09,122.48,13.33,0.39,2.04
2022,11,6,6.03,6.75,0.59,407.9,116.88,130.18,14.92,0.44,2.3
2022,11,7,1.03,6.72,0.1,419.14,21.37,129.7,3.12,0.09,0.45
2022,11,8,5.38,6.93,0.53,409.02,104.95,134.86,13.98,0.43,2.22
2022,11,9,2.62,6.8,0.26,418.91,52.19,131.38,7.39,0.23,1.16
2022,11,10,5.98,6.77,0.59,408.32,116.68,130.65,15.04,0.45,2.36
2022,11,11,3.93,6.87,0.38,415.67,77.13,133.13,10.52,0.33,1.72
2022,11,12,6.39,6.94,0.63,402.87,125.34,135.41,16.29,0.49,2.6
2022,11,13,3.72,6.83,0.37,412.59,73.46,132.96,10.23,0.32,1.64
2022,11,14,5.77,6.74,0.57,405.18,112.41,130.89,14.61,0.44,2.28
2022,11,15,2.76,6.57,0.27,410.34,53.65,125.19,7.22,0.21,1.08
2022,11,16,4.24,6.5,0.42,413.21,81.8,124.09,10.9,0.34,1.71
2022,11,17,2.21,6.57,0.22,413.52,43.62,126.04,6.14,0.19,0.96
2022,11,18,5.37,6.72,0.53,413.78,104.41,130.26,13.73,0.42,2.21
2022,11,19,5.8,6.87,0.58,415.95,113.8,133.83,14.91,0.45,2.4
2022,11,20,5.38,6.85,0.53,416.37,105.63,133.94,14.13,0.44,2.32
2022,11,21,4.24,6.75,0.42,420.52,83.32,131.6,11.42,0.37,1.91
2022,11,22,4.64,6.63,0.46,413.56,90.18,128.74,12,0.37,1.91
2022,11,23,2.03,6.79,0.2,409.65,40.91,131.98,6.1,0.2,1
2022,11,24,5.95,6.74,0.59,403.88,116.11,130.7,15.1,0.46,2.43
2022,11,25,6.16,6.83,0.62,407.1,120.2,132.87,15.48,0.46,2.42
2022,11,26,1.31,6.89,0.13,414.16,26.95,135.26,4.08,0.12,0.59
2022,11,27,5.54,6.82,0.55,412,108.49,133.52,14.45,0.45,2.32
2022,11,28,3.41,6.87,0.34,408.76,67.16,134.6,9.72,0.3,1.54
2022,11,29,6.2,6.85,0.62,403.33,122.45,134.62,15.98,0.48,2.52
2022,11,30,5.32,6.78,0.53,407.59,104.82,133.22,14.06,0.42,2.18
2022,12,1,5.43,6.82,0.55,413.98,107.88,134.36,14.36,0.43,2.27
2022,12,2,4.64,6.56,0.46,411.71,90.32,126.7,12.16,0.38,1.98
2022,12,3,2.53,6.6,0.26,417.11,51.09,128.34,7.5,0.24,1.26
2022,12,4,5.44,6.73,0.55,402.77,106.77,131.41,14.13,0.45,2.35
2022,12,5,6.09,6.8,0.61,394.62,118.8,132.09,15.45,0.51,2.74
2022,12,6,3.69,6.66,0.37,409.98,72.36,129.62,9.88,0.35,1.85
2022,12,7,4.51,6.68,0.45,417.36,88.27,130.51,12.1,0.42,2.23
2022,12,8,3.9,6.65,0.39,408.01,76.14,129.44,10.63,0.34,1.8
2022,12,9,5.9,6.75,0.59,402.98,115.36,131.8,15.14,0.48,2.62
2022,12,10,4.59,6.69,0.46,407.02,89.32,129.57,12.17,0.41,2.09
2022,12,11,5.99,6.73,0.6,402.98,116.86,130.83,15.12,0.49,2.65
2022,12,12,3.08,6.75,0.31,408.99,60.79,132.18,8.7,0.28,1.48
2022,12,13,5.5,6.7,0.55,409.07,107.44,130.63,14.3,0.45,2.38
2022,12,14,5.03,6.64,0.51,402.09,97.54,128.95,12.97,0.41,2.09
2022,12,15,5.66,6.83,0.57,407.38,110.51,132.97,14.56,0.46,2.44
2022,12,16,5.57,6.76,0.56,409.02,108.51,131.96,14.32,0.46,2.41
2022,12,17,5.66,6.8,0.57,405.95,110.71,133.15,14.62,0.47,2.49
2022,12,18,1.62,6.7,0.16,412.41,33.02,130.91,5,0.17,0.89
2022,12,19,5.5,6.67,0.55,410.71,108.16,130.55,14.3,0.46,2.46
2022,12,20,4.97,6.67,0.5,410.98,97.33,130.66,13.09,0.42,2.22
2022,12,21,3.32,6.47,0.34,412.68,65.16,125.38,9.05,0.31,1.63
2022,12,22,5.68,6.63,0.57,409.35,112.01,130.1,14.66,0.48,2.59
2022,12,23,5.25,6.79,0.53,410.34,103.72,133.28,13.95,0.45,2.44
2022,12,24,4.9,6.85,0.49,411.4,96.85,135.11,13.12,0.42,2.24
2022,12,25,6,6.94,0.6,409.45,117.5,135.52,15.46,0.49,2.65
2022,12,26,5.7,6.82,0.57,411.21,111.05,133.56,14.73,0.48,2.51
2022,12,27,4.22,6.7,0.42,419.29,82.62,131.16,11.49,0.39,2.07
2022,12,28,5.98,6.7,0.6,405.73,117.42,131.16,15.3,0.47,2.52
2022,12,29,4.88,6.73,0.49,410.97,95.95,131.73,13.02,0.41,2.21
2022,12,30,5.4,6.64,0.54,403.98,105.31,129.74,13.87,0.45,2.38
2022,12,31,4.09,6.7,0.41,409.52,79.5,130.71,11.02,0.37,1.95
2023,1,1,4.2,6.73,0.42,411.11,83.42,132.09,11.63,0.4,2.09
2023,1,2,4.44,6.66,0.45,409.05,87.38,129.98,11.98,0.41,2.16
2023,1,3,4.21,6.72,0.42,412.27,83.55,131.52,11.54,0.39,2.05
2023,1,4,5.52,6.78,0.55,409.95,108.91,132.97,14.48,0.49,2.62
2023,1,5,5.23,6.71,0.52,412.4,102.97,131.22,13.73,0.46,2.43
2023,1,6,4.52,6.7,0.45,413.99,88.97,131,12.14,0.43,2.32
2023,1,7,3.45,6.8,0.34,413.42,68.59,133.45,9.84,0.35,1.88
2023,1,8,5.58,6.85,0.55,403.54,109.47,134.05,14.58,0.51,2.77
2023,1,9,4.9,6.81,0.49,406.08,96.59,132.83,12.96,0.45,2.46
2023,1,10,5.45,6.8,0.54,409.38,107.1,132.95,14.22,0.5,2.77
2023,1,11,6.13,6.8,0.61,403.38,120.61,133.29,15.66,0.52,2.88
2023,1,12,3.84,6.74,0.38,413.65,76.27,131.6,10.69,0.38,1.96
2023,1,13,5.03,6.79,0.5,408.82,98.7,132.48,13.22,0.45,2.45
2023,1,14,3.71,6.64,0.37,410.05,72.79,129.67,10.2,0.35,1.86
2023,1,15,4.84,6.62,0.48,410.02,95.18,129.24,12.8,0.45,2.4
2023,1,16,4.31,6.85,0.43,411.26,85.16,134.41,11.87,0.42,2.29
2023,1,17,2.05,7,0.2,407.8,41.67,137.54,6.34,0.23,1.2
2023,1,18,5.5,6.81,0.55,397.46,107.47,132.84,14.18,0.48,2.54
2023,1,19,4.8,6.92,0.48,408.21,94.95,135.52,12.91,0.45,2.48
2023,1,20,4.09,6.81,0.41,408.15,80.75,132.45,11.13,0.39,2.06
2023,1,21,5.26,6.94,0.52,409.69,103.38,135.6,13.88,0.48,2.6
2023,1,22,5.02,6.92,0.49,410.95,99.35,136,13.43,0.48,2.6
2023,1,23,1.62,6.87,0.16,412.24,33.34,134.57,4.94,0.16,0.87
2023,1,24,5.4,6.71,0.53,407.31,105.33,130.05,13.74,0.48,2.67
2023,1,25,6.07,6.96,0.59,403.2,119.6,136.17,15.6,0.54,3.01
2023,1,26,5.98,7.06,0.59,407.7,118.52,139.03,15.68,0.54,3.01
2023,1,27,5.11,6.97,0.5,413.69,101.35,136.77,13.7,0.47,2.52
2023,1,28,4.93,6.98,0.48,418.3,97.23,137.2,13.37,0.48,2.59
2023,1,29,3.8,6.89,0.37,417.58,75.54,134,10.48,0.38,2.09
2023,1,30,3.86,6.84,0.38,414.14,76.2,132.84,10.62,0.4,2.15
2023,1,31,3.62,6.89,0.35,414.77,71.4,133.8,10.09,0.38,2.03
2023,2,1,5.17,6.97,0.5,410.11,101.81,135.57,13.62,0.49,2.73
2023,2,2,2.72,7.06,0.27,416.28,55.26,137.74,8.16,0.3,1.66
2023,2,3,3.86,7.12,0.38,417.66,76.37,139.66,10.89,0.42,2.29
2023,2,4,4.42,6.96,0.43,413.41,86.88,135.89,11.84,0.44,2.38
2023,2,5,4.49,6.98,0.44,416.33,88.73,136.59,12.15,0.45,2.45
2023,2,6,5.34,7.02,0.52,416.12,105.45,137.67,14.1,0.5,2.77
2023,2,7,5.25,7.07,0.51,416.35,103.8,138.5,14.05,0.52,2.83
2023,2,8,3.6,7.05,0.34,418.38,72.59,138.65,10.23,0.39,2.14
2023,2,9,5.02,7.09,0.48,419.19,99.74,139.08,13.7,0.52,2.84
2023,2,10,4.34,7,0.41,417.48,86.48,137.3,11.91,0.45,2.49
2023,2,11,5.36,7.1,0.52,414.28,106.04,138.94,14.34,0.52,2.88
2023,2,12,4.39,6.98,0.42,413.72,87.43,136.75,11.77,0.43,2.34
2023,2,13,4.93,7.08,0.48,414.95,98.18,139.23,13.52,0.52,2.88
2023,2,14,4.9,7.14,0.47,415.21,97.6,140.43,13.54,0.53,3.02
2023,2,15,3.63,7.23,0.35,417.37,72.95,142.77,10.25,0.42,2.38
2023,2,16,5.09,7.12,0.48,417.91,100.96,139.59,13.8,0.54,3.07
2023,2,17,4.04,6.73,0.38,414.2,79.53,129.46,10.71,0.4,2.2
2023,2,18,4.97,7.12,0.48,411.89,98.3,138.8,13.34,0.49,2.71
2023,2,19,4.32,7.09,0.41,416.08,85.55,137.83,11.88,0.46,2.54
2023,2,20,2.77,7.08,0.27,417.31,56.76,138.38,8.34,0.32,1.77
2023,2,21,4.54,7.02,0.43,414.44,90.27,136.7,12.36,0.46,2.55
2023,2,22,4.06,7.12,0.38,416.43,81.5,139.08,11.48,0.46,2.58
2023,2,23,5.04,7.09,0.48,413.88,99.03,137.35,13.4,0.52,2.93
2023,2,24,3.29,7.18,0.31,419.24,65.92,140.73,9.63,0.38,2.11
2023,2,25,5.94,7.03,0.56,412.91,117.24,136.81,15.37,0.57,3.25
2023,2,26,4.77,7.02,0.45,414.29,93.59,137.03,12.7,0.47,2.58
2023,2,27,3,7.04,0.28,417.42,60.35,137.38,8.76,0.34,1.9
2023,2,28,4.14,7.08,0.39,416.42,82.73,138.69,11.45,0.45,2.55
2023,3,1,4.32,6.99,0.41,415.37,85.95,136.13,11.66,0.46,2.61
2023,3,2,5.71,7.09,0.54,408.34,113.17,138.71,14.93,0.57,3.29
2023,3,3,6.32,7.22,0.6,411.27,125.99,142.07,16.55,0.63,3.71
2023,3,4,4.84,7.13,0.46,415.77,95.72,139.69,13.21,0.52,2.92
2023,3,5,5.07,6.98,0.48,415.59,99.82,135.86,13.48,0.52,2.91
2023,3,6,5.2,7,0.49,411.39,102.76,136.19,13.79,0.52,2.93
2023,3,7,4.56,7.02,0.43,413.22,89.84,136.83,12.25,0.46,2.57
2023,3,8,4.31,7.08,0.41,417.85,86.23,138.47,11.98,0.48,2.69
2023,3,9,4.05,7.01,0.38,414.12,81.12,136.93,11,0.42,2.33
2023,3,10,3.21,6.96,0.3,414.36,64.26,134.85,8.93,0.33,1.84
2023,3,11,3.25,7.22,0.3,412.76,65.76,141.33,9.51,0.38,2.09
2023,3,12,1.43,7.09,0.13,413.5,29.98,138.58,4.52,0.17,0.95
2023,3,13,5.39,6.98,0.52,404.51,105.76,135.51,13.95,0.53,3.01
2023,3,14,5.82,7.26,0.55,405.49,113.56,140.52,15.03,0.55,3.09
2023,3,15,5.12,7.38,0.48,408.95,100.13,143.12,13.83,0.53,2.95
2023,3,16,6.31,7.1,0.6,404.03,123.93,137.94,16.11,0.6,3.48
2023,3,17,3.24,7.13,0.31,407.18,65.07,137.74,9.32,0.35,1.91
2023,3,18,6.74,7.31,0.64,400.98,133.34,142.99,17.51,0.66,3.76
2023,3,19,4.78,7.12,0.45,413.66,94.09,137.88,12.8,0.48,2.71
2023,3,20,6.04,7.16,0.58,408.77,119.04,139.65,15.82,0.58,3.31
2023,3,21,6.07,7.18,0.58,409.78,119.34,139.43,15.72,0.57,3.23
2023,3,22,5.39,7.03,0.52,406.89,105.1,135.88,14.03,0.52,2.84
2023,3,23,4.92,6.94,0.47,409.5,96.12,132.98,12.66,0.46,2.55
2023,3,24,5.54,6.99,0.53,403.24,107.31,134.23,14.01,0.52,2.92
2023,3,25,3.58,7.06,0.34,414.31,70.58,135.65,9.81,0.39,2.19
2023,3,26,4.88,6.98,0.47,410.98,95.91,134.93,12.95,0.48,2.7
2023,3,27,3.56,6.99,0.34,412.18,71.31,135.56,9.88,0.37,2.04
2023,3,28,4.49,6.87,0.43,419.01,88.8,133.22,12.04,0.47,2.65
2023,3,29,3.22,6.99,0.31,418.66,65.11,136.26,9.26,0.37,2.02
2023,3,30,5.12,7.02,0.49,414.97,101.36,136.9,13.61,0.52,2.96
2023,3,31,3.96,7.15,0.38,414.14,79.1,140.36,11.36,0.46,2.59
